keyword,volume,category
instagram landscape dimensions,1600,Social Media and Digital Platforms
instagram profile picture size,4700,Social Media and Digital Platforms
inches to pixels,14000,Design and Graphics
profile picture,74000,Photography and Image Editing
how to make a watermark,1900,Design and Graphics
iphone wallpaper maker,500,Photography and Image Editing
what color represents funny,90,Symbolism and Meaning
font combinations,2200,Design and Graphics
how to make a carousel on instagram,700,Social Media and Digital Platforms
how to make an image higher resolution,700,Photography and Image Editing
symbols and meanings,5900,Symbolism and Meaning
yearbook ad ideas,800,Ideas and Inspiration
color theory wheel,8000,Design and Graphics
iphone background aesthetic,1100,Photography and Image Editing
flat lay photography,3100,Photography and Image Editing
digital vision board,1600,Ideas and Inspiration
fotos de perfil,28000,Photography and Image Editing
vision board examples,4600,Ideas and Inspiration
turn photo into illustration,400,Photography and Image Editing
youtube profile picture size,3500,Social Media and Digital Platforms
meme ideas,1800,Ideas and Inspiration
what is a watermark,3000,Design and Graphics
how to make a banner,2300,Design and Graphics
t-shirt design size pixels,250,Design and Graphics
typography art,2600,Design and Graphics
how to make a collage on instagram story,4200,Social Media and Digital Platforms
how to make a collage of photographs,4500,Photography and Image Editing
how to change the color of an image,350,Photography and Image Editing
how to make a coloring page,90,Photography and Image Editing
monochromatic colors,14000,Design and Graphics
aesthetic collage,5600,Photography and Image Editing
photo strip template,500,Design and Graphics
how to lighten a photo,60,Photography and Image Editing
circle pfp,1500,Photography and Image Editing
color schemes for websites,800,Design and Graphics
how to take a panoramic photo,150,Photography and Image Editing
ig story,8900,Social Media and Digital Platforms
etsy profile picture size,200,Social Media and Digital Platforms
make babies pictures,70,Photography and Image Editing
how to put a face on another body without photoshop for free,200,Photography and Image Editing
2 colors that look good together,1000,Design and Graphics
dream board ideas,1200,Ideas and Inspiration
how to curve text,400,Design and Graphics
invitation ideas for birthday,250,Ideas and Inspiration
good night friends,900,Ideas and Inspiration
new years card sayings,150,Ideas and Inspiration
book cover design ideas,900,Ideas and Inspiration
photo layering,200,Photography and Image Editing
instagram story background template,450,Social Media and Digital Platforms
photography:olmr5ytlvsc= light background,200,Photography and Image Editing
how to make a side by side photo,900,Photography and Image Editing
pastel colors,114000,Design and Graphics
facebook cover photo size 2022,60,Social Media and Digital Platforms
how to create a design,100,Design and Graphics
what is a facebook cover,90,Social Media and Digital Platforms
micro lens photography,200,Photography and Image Editing
beautiful happy birthday mom,1700,Ideas and Inspiration
homemade graduation poster ideas,200,Ideas and Inspiration
how to make a picture blurry,900,Photography and Image Editing
andy warhol filter,70,Photography and Image Editing
marcas de agua,450,Design and Graphics
propaganda poster ideas,800,Ideas and Inspiration
wedding invitations examples,1200,Ideas and Inspiration
how to correct pictures that that look like exposure is off,20,Photography and Image Editing
resize image for youtube banner,150,Social Media and Digital Platforms
how to make an etsy banner,80,Social Media and Digital Platforms
4x5 aspect ratio,800,Design and Graphics
org chart examples,1900,Design and Graphics
youtube intro size,60,Social Media and Digital Platforms
marketing brochure,600,Design and Graphics
how to animate an image,200,Photography and Image Editing
resize image to 16x20,30,Photography and Image Editing
zombie pictures maker,250,Photography and Image Editing
create youtube banner,600,Social Media and Digital Platforms
instagram layout,3000,Social Media and Digital Platforms
good profile pictures,4800,Photography and Image Editing
positive poster ideas,150,Ideas and Inspiration
how to store photo albums,80,Photography and Image Editing
dark grid 2 images,150,Photography and Image Editing
quotes to put in your bio,500,Ideas and Inspiration
fill image with text,20,Design and Graphics
secondary color palette,80,Design and Graphics
design case study examples,60,Design and Graphics
how to edit alcohol out of pictures,30,Photography and Image Editing
geometric patterns examples,150,Design and Graphics
types of color palettes,500,Design and Graphics
how to photograph the blue moon,150,Photography and Image Editing
mirror image,20000,Photography and Image Editing
how to format instagram posts,30,Social Media and Digital Platforms
rad dad jokes,20,Ideas and Inspiration
create your own advertisement example,20,Ideas and Inspiration
make my pic look like a model,90,Photography and Image Editing
how to use selfie stick,150,Photography and Image Editing
image to transparent png,450,Photography and Image Editing
why is my camera so dark,60,Photography and Image Editing
youtube thumbnail text,90,Social Media and Digital Platforms
shutter speed cheat sheet,150,Photography and Image Editing
no filter filter,40,Photography and Image Editing
idea pin size,20,Social Media and Digital Platforms
timeline infographic,1900,Design and Graphics
doodles on photos,40,Photography and Image Editing
how to make picture fit youtube thumbnail,20,Social Media and Digital Platforms
wedding wish cards template,20,Ideas and Inspiration
blue hour photography,1500,Photography and Image Editing
find complementary colors from image,60,Design and Graphics
basic photo editing,100,Photography and Image Editing
picmonkey full site,30,Photography and Image Editing
how to mask an image,60,Photography and Image Editing
picmonkey comic,40,Photography and Image Editing
what to write in a business christmas card,60,Ideas and Inspiration
how to make outfit collages,70,Photography and Image Editing
facebook post size 2022,30,Social Media and Digital Platforms
funny zoom background,7200,Ideas and Inspiration
how to touch up a photo,20,Photography and Image Editing
landscape photography composition,100,Photography and Image Editing
picmonkey photo editor gratis,50,Photography and Image Editing
clean profile pictures,200,Photography and Image Editing
how to make christmas cards with photos,60,Ideas and Inspiration
email marketing monkey,100,Social Media and Digital Platforms
edge sketch,20,Photography and Image Editing
medidas instagram,60,Social Media and Digital Platforms
photo editing terms,50,Photography and Image Editing
mirror invert image,500,Photography and Image Editing
email marketing monkey,100,Social Media and Digital Platforms
how to find the hex code of a color,200,Design and Graphics
make images black and white,100,Photography and Image Editing
picmonkey royale cost,20,Photography and Image Editing
add gif to picture,60,Photography and Image Editing
how to make advertisements,200,Ideas and Inspiration
simple geometric patterns,800,Design and Graphics
brand kit,1600,Design and Graphics
meni pages,150,Design and Graphics
twitter banner size,11000,Social Media and Digital Platforms
print resources,40,Design and Graphics
what is a print pic,60,Photography and Image Editing
how to make gifs,4800,Photography and Image Editing
monogram makers,40,Design and Graphics
heart frame photo editor,30,Photography and Image Editing
promo pic instagram,30,Social Media and Digital Platforms
photoscape 3d text,500,Photography and Image Editing
multiplicity photos,80,Photography and Image Editing
digital art collage,200,Photography and Image Editing
what is a brand board,70,Design and Graphics
picmonkey remove background,20,Photography and Image Editing
measurement of the amount of light hitting the camera’s sensor,50,Photography and Image Editing
best practice meme,30,Ideas and Inspiration
how to make a poster,3200,Ideas and Inspiration
how to make a silhouette,350,Photography and Image Editing
2019 social media trends,20,Social Media and Digital Platforms
how to post a link on instagram story,700,Social Media and Digital Platforms
how do i draw on a picture,30,Photography and Image Editing
what is a infographic,1100,Design and Graphics
sppoky fonts,30,Design and Graphics
what is a color gradient,60,Design and Graphics
flashing caption,30,Photography and Image Editing
mokey tutorials,50,Photography and Image Editing
cut out shape from image,150,Photography and Image Editing
how to edit food photos,50,Photography and Image Editing
picmonkey photography,30,Photography and Image Editing
facebook post ideas,300,Social Media and Digital Platforms
hinge photo dimensions,40,Photography and Image Editing
photo masking,100,Photography and Image Editing
valentine's day collage,150,Photography and Image Editing
good linkedin photos,100,Photography and Image Editing
patrick bateman business card template,100,Design and Graphics
picmonkey app iphone,20,Photography and Image Editing
flow chart ideas,250,Design and Graphics
instagram post design ideas,60,Social Media and Digital Platforms
background collages,60,Photography and Image Editing
background collages,60,Photography and Image Editing
como recortar una imagen en circulo,40,Photography and Image Editing
april facebook cover photos,80,Social Media and Digital Platforms
arrange the steps in the correct order for creating a digital image and saving it.,20,
tamaños de fotos en pulgadas,60,Photography and Image Editing
godaddy online shop,200,Social Media and Digital Platforms
picmonkey remove background,20,Photography and Image Editing
how to create images for website,20,Design and Graphics
black and white filter name,30,Photography and Image Editing
picmonkey musy,90,Photography and Image Editing
picmonkey musy,90,Photography and Image Editing
how to edit real estate photos,100,Photography and Image Editing
live a creative life,80,Ideas and Inspiration
picmonkeyphoto,30,Photography and Image Editing
halloween photo editor,80,Photography and Image Editing
picmonkey musy,90,Photography and Image Editing
picmonkey musy,90,Photography and Image Editing
picmonkey editing photos,20,Photography and Image Editing
couler pics,500,Photography and Image Editing
custom instagram highlight covers,30,Social Media and Digital Platforms
image curver,100,Photography and Image Editing
letterhead ideas,250,Design and Graphics
outline pic,50,Photography and Image Editing
texting layouts,50,Design and Graphics
picmonkey remove background,20,Photography and Image Editing
old photo grain,20,Photography and Image Editing
como hacer un banner para youtube,30,Social Media and Digital Platforms
1950s shapes,30,Design and Graphics
eliminar fondo de una imagen,800,Photography and Image Editing
things to post on instagram,600,Social Media and Digital Platforms
picmonkey comic,40,Photography and Image Editing
circle text logo,70,Design and Graphics
charts are an example of which kind of design?,20,Design and Graphics
what to do with arms in photos,20,Photography and Image Editing
double photo,30,Photography and Image Editing
summer party invitation template,80,Ideas and Inspiration
holiday soiree meaning,20,Ideas and Inspiration
smart resize,20,Photography and Image Editing
marketing material creator,10,Design and Graphics
spacing between letters,150,Design and Graphics
shape outlines,300,Design and Graphics
picmonkey comic,40,Photography and Image Editing
black and white an image,70,Photography and Image Editing
christmas through a child's eyes quotes,150,Ideas and Inspiration
best business fonts,150,Design and Graphics
picmonkey photography,30,Photography and Image Editing
how to copyright a photo for free,100,Photography and Image Editing
grunge aesthetic pics,40,Photography and Image Editing
table cloth backdrop,200,Photography and Image Editing
how to create an idea pin,30,Social Media and Digital Platforms
online photo editor for kids,20,Photography and Image Editing
preserve photos,70,Photography and Image Editing
how to post a meme,30,Social Media and Digital Platforms
pixabay stock footage,20,Photography and Image Editing
family tree themes,30,Ideas and Inspiration
graphic design overlays,50,Design and Graphics
emoji stories,100,Ideas and Inspiration
efectos para fotos,70,Photography and Image Editing
fonts calligrapher,300,Design and Graphics
superlative certificate template,500,Design and Graphics
photo temporary tattoos,30,Photography and Image Editing
halloween night aesthetic,30,Photography and Image Editing
flouter une image,40,Photography and Image Editing
public domain vintage ads,20,Design and Graphics
picmonkey logo,20,Photography and Image Editing
how to make graphics for youtube videos,20,Social Media and Digital Platforms
www picmonkey collage,50,
letras en circulos,0,Design and Graphics
picmonkey desktop site,10,Photography and Image Editing
how to make money doing something you love,40,Ideas and Inspiration
circular graphic design,30,Design and Graphics
how to create a story on instagram,450,
lovelo font pairing,30,Design and Graphics
overlay images online,700,Photography and Image Editing
worksheet ideas,80,Ideas and Inspiration
leave behind cards,20,Design and Graphics
picmotion photo video slide,30,Photography and Image Editing
fitness planner ideas,20,Ideas and Inspiration
motivational quotes for instagram,150,Ideas and Inspiration
show your story template,90,Social Media and Digital Platforms
photo blur background,200,Photography and Image Editing
how to make a digital brochure,100,Design and Graphics
moonlight banishes shadows,10,Ideas and Inspiration
www pic monkey,20,Social Media and Digital Platforms
typography art examples,60,Design and Graphics
how to sharpen pixelated image,20,Photography and Image Editing
graphic tee fonts,150,Design and Graphics
trendy too photos,30,Photography and Image Editing
offset by shutterstock,20,Photography and Image Editing
july 4th dad jokes,60,Ideas and Inspiration
iso for moon photography,20,Photography and Image Editing
picmonkey remove background,20,Photography and Image Editing
font resources,90,Design and Graphics
blur background editor,10,Photography and Image Editing
will fix it photos,20,Photography and Image Editing
disneyland photo spots,30,Photography and Image Editing
collaborate image,60,Photography and Image Editing
boost and freckles nude,20,Photography and Image Editing
picmonkey vs canva,70,Photography and Image Editing
graphic design trends 2020,30,Design and Graphics
video collage,1500,Photography and Image Editing
family first pictures,20,Photography and Image Editing
primo photography,30,Photography and Image Editing
porn photography,30,Photography and Image Editing
valentine pica,20,Photography and Image Editing
pictures for edits,90,Photography and Image Editing
monkey photoshop,20,Photography and Image Editing
pics of stickers,20,Photography and Image Editing
impact text,150,Design and Graphics
the bee's knees learn and play photos,20,Photography and Image Editing
bath photography,30,Photography and Image Editing
tpir fonts,20,Design and Graphics
cool photo edits,70,Photography and Image Editing
cool photo edits,70,Photography and Image Editing
facebook background template,20,Social Media and Digital Platforms
monkey face texture,40,Photography and Image Editing
cyberpunk design,350,Design and Graphics
yearbook worksheets,30,Ideas and Inspiration
disorganized meme,20,Ideas and Inspiration
how to make a flyer on paper,30,Design and Graphics
senior announcement templates,30,Ideas and Inspiration
picmonkey affiliate program,10,Social Media and Digital Platforms
picmonkey app,50,Photography and Image Editing
vampire pic editor,50,Photography and Image Editing
how to create a snapchat filter for an event,450,Social Media and Digital Platforms
light pink instagram icon,40,Social Media and Digital Platforms
picmonkey logo,20,Photography and Image Editing
cool monogram ideas,30,
picmonkey tips,0,Photography and Image Editing
set design template,150,Design and Graphics
card ideas for mothers day,60,Ideas and Inspiration
how do social media ads work,30,Social Media and Digital Platforms
fun school pictures,20,Photography and Image Editing
pop art facil,10,Design and Graphics
add sunset to photo,10,Photography and Image Editing
can't continue editing instagram,20,Social Media and Digital Platforms
vacation mode images,50,Ideas and Inspiration
scheduling monkey,20,Social Media and Digital Platforms
redbut monkey,30,Social Media and Digital Platforms
how to tilt an image,30,Photography and Image Editing
jumpstart creative,60,Ideas and Inspiration
brent chudoba,20,Ideas and Inspiration
youtube profile picture size template,30,Social Media and Digital Platforms
galentines card ideas,50,Ideas and Inspiration
indoor portraits,20,Photography and Image Editing
monkey app logo,70,Social Media and Digital Platforms
which of the following statements about business proposals are true?,80,Ideas and Inspiration
holidays to post on social media,20,Ideas and Inspiration
picmonkey review,20,Photography and Image Editing
top toddler costumes 2016,30,Ideas and Inspiration
blend pictures,80,Photography and Image Editing
selling in instagram,30,Social Media and Digital Platforms
social media marketing vocabulary,20,Social Media and Digital Platforms
custom photo editor,20,Photography and Image Editing
"when it comes to digital advertising, companies now spend",20,
grizzly bear design,20,Design and Graphics
landscape calendar template,20,Design and Graphics
fontmonkey,20,Design and Graphics
how to upload a font,30,Design and Graphics
picmonkey tips,0,Photography and Image Editing
how to crop yourself into a photo,10,Photography and Image Editing
dream resume,20,Ideas and Inspiration
monkey cool flash,30,Photography and Image Editing
golden ratio landscape,20,Photography and Image Editing
how to take a good black and white photo,20,Photography and Image Editing
getting the tone right in a cover letter,50,Ideas and Inspiration
survey monkey logo,500,Social Media and Digital Platforms
agrandir photo insta,30,Social Media and Digital Platforms
twitter promoted tweets image size,20,
blog monkey,20,Social Media and Digital Platforms
how to edit shine off face iphone,10,Photography and Image Editing
floral typography,60,Design and Graphics
crear marcos para fotos,20,Photography and Image Editing
how to take pictures at concerts,20,Photography and Image Editing
collaboration is key to success,20,Ideas and Inspiration
dystopian color palette,40,Design and Graphics
how to infographic,150,Design and Graphics
how to crop a video on instagram,30,Social Media and Digital Platforms
create an instagram business account,250,Social Media and Digital Platforms
how to make old photos digital,20,Photography and Image Editing
social media monkey,10,Social Media and Digital Platforms
gif to pngs,100,Photography and Image Editing
ripped paper image,20,Photography and Image Editing
color palette mockup,20,Design and Graphics
sports team tattoos,20,Ideas and Inspiration
picmonkey app iphone,20,Photography and Image Editing
monkey moon settings,60,Photography and Image Editing
1080x1920 instagram story,10,Social Media and Digital Platforms
sanctuary cosmetics,20,Ideas and Inspiration
picmonkey photography,30,Photography and Image Editing
monkey cool flash,30,Photography and Image Editing
imagenes de mascaras,30,Photography and Image Editing
valentines day images 2022,20,Photography and Image Editing
plant sale poster ideas,10,Ideas and Inspiration
vintage graphics,100,Design and Graphics
creative photo editing,40,Photography and Image Editing
how to trick a monkey,900,Ideas and Inspiration
etsy banner size 2023,150,Social Media and Digital Platforms
collage maker 2016,20,Photography and Image Editing
january email signature,20,Design and Graphics
fix pic,20,Photography and Image Editing
diy wedding save the dates,30,Ideas and Inspiration
pictures of different fonts,20,Design and Graphics
picmonkey full site,30,Photography and Image Editing
facebook size guide 2016,10,Social Media and Digital Platforms
resize image for business card,20,Social Media and Digital Platforms
instagram ad design,70,Social Media and Digital Platforms
brent chudoba,20,Ideas and Inspiration
how to take professional headshots with phone,30,Photography and Image Editing
double exposed,30,Photography and Image Editing
how to use paint to edit pictures,20,Photography and Image Editing
best resolution for business cards,20,Design and Graphics
miniature effect photography,40,Photography and Image Editing
photography hobbyist,20,Photography and Image Editing
blogdodge,10,Social Media and Digital Platforms
picmonkey app for iphone,20,Photography and Image Editing
picmonkey youtube thumbnail size,0,Social Media and Digital Platforms
can you schedule stories on later,20,Social Media and Digital Platforms
background collages,60,Photography and Image Editing
background collages,60,Photography and Image Editing
pinterest business page,50,Social Media and Digital Platforms
picmonkey coupons,30,Social Media and Digital Platforms
what three filters can add effects for texture in the image,30,Photography and Image Editing
how to edit a headshot,40,Photography and Image Editing
how to edit fall photos,10,Photography and Image Editing
sketchbook drawing ideas,900,Ideas and Inspiration
make thumbnail from video,20,Photography and Image Editing
portrait angles,100,Photography and Image Editing
fireworks that make pictures,30,Photography and Image Editing
picmonkey tips,0,Photography and Image Editing
brushability font,20,Design and Graphics
bingo game of thrones,20,Ideas and Inspiration
remove flash glare from photo online free,50,Photography and Image Editing
monkey holidays,20,Ideas and Inspiration
how to advertise your business on instagram,80,Social Media and Digital Platforms
convertir foto en dibujo,70,Photography and Image Editing
picture of alignment,20,Photography and Image Editing
imagen ejemplos,20,Photography and Image Editing
film border rounded corners,20,Photography and Image Editing
etsy target market,20,Social Media and Digital Platforms
diy halloween invitations,30,Ideas and Inspiration
monkey birthday invitations,50,Ideas and Inspiration
winter theme pictures,30,Photography and Image Editing
thanksgiving graphics,350,Ideas and Inspiration
draw in picture app,20,Photography and Image Editing
free geofilters,20,Social Media and Digital Platforms
facebook slideshow ad specs,30,
trick or treat fonts,30,Design and Graphics
picmonkey youtube thumbnail size,0,Social Media and Digital Platforms
how to change eye color in pictures,10,Photography and Image Editing
how to look better in pictures,700,Photography and Image Editing
stock photos search engine,40,Photography and Image Editing
photos editor 2015,30,Photography and Image Editing
picmonkey tips,0,Photography and Image Editing
monkey holidays,20,Ideas and Inspiration
personal branding 101,20,Ideas and Inspiration
ecrire un texte,20,Ideas and Inspiration
fotos para tu perfil,80,Photography and Image Editing
etsy banner size 2022,20,Social Media and Digital Platforms
light painting photos,150,Photography and Image Editing
picmonkey app ipad,10,Photography and Image Editing
premium beats shutterstock,10,Photography and Image Editing
salutations for birthday cards,30,Ideas and Inspiration
small instagram logo for business cards,30,Social Media and Digital Platforms
picmonkey app ipad,10,Photography and Image Editing
free instagram followera,50,Social Media and Digital Platforms
personal brand story examples,60,Ideas and Inspiration
linkedin photo editor,70,Photography and Image Editing
newborn stats,1000,Photography and Image Editing
picmonkey logo,20,Photography and Image Editing
how to compose photos,10,Photography and Image Editing
how to compose photos,10,Photography and Image Editing
color monkey calibration,30,Design and Graphics
janice macleod,50,Ideas and Inspiration
canva youtube thumbnail maker,50,Social Media and Digital Platforms
picmonkey logo,20,Photography and Image Editing
family portrait drawing easy,20,Photography and Image Editing
mailchimp email signature,150,Social Media and Digital Platforms
brenda ster,20,Ideas and Inspiration
picmonkey app iphone,20,Photography and Image Editing
sellvia photos,10,Photography and Image Editing
water photography tips,10,Photography and Image Editing
spice 28 photos,20,Photography and Image Editing
sweethearts candy font,40,Design and Graphics
what is an infographic template,30,Design and Graphics
formal infographic,40,Design and Graphics
mood board words,40,Ideas and Inspiration
how to make gif collages,0,Photography and Image Editing
como hacer banners,20,Design and Graphics
monkey quotes,450,Ideas and Inspiration
taking better iphone photos,20,Photography and Image Editing
how does design bundles work,10,Design and Graphics
subtle day of the dead makeup,20,Design and Graphics
pantone color of the year 1980,10,Design and Graphics
make quotes pic,10,Photography and Image Editing
touchup pro photo editor,40,Photography and Image Editing
scholarship monkey,100,Ideas and Inspiration
picmonkey editing photo,20,
picture of mood,80,Photography and Image Editing
cool image effects,20,Photography and Image Editing
picmonkey youtube thumbnail size,0,Social Media and Digital Platforms
2022 graphic,30,Design and Graphics
etsy photography tips,30,Photography and Image Editing
fabiola millican,20,Ideas and Inspiration
how to sell photos on shopify,10,Social Media and Digital Platforms
dust and scratches texture,100,Photography and Image Editing
add grid lines to photo,50,Photography and Image Editing
making business facebook page,70,Social Media and Digital Platforms
how do you put text on a picture,20,Photography and Image Editing
handfasting invitations,30,Ideas and Inspiration
monograma ejemplos,20,Design and Graphics
desenfocar fotos,30,Photography and Image Editing
whats plies snapchat name,20,Social Media and Digital Platforms
real estate photography cheat sheet,20,Photography and Image Editing
how to fix a ripped picture,10,Photography and Image Editing
famous quote template,30,Ideas and Inspiration
what is the macabre,40,Symbolism and Meaning
how to show scale in product photography,20,Photography and Image Editing
how to make christmas card with picture,20,Ideas and Inspiration
things to say to your mom to make her smile,30,Ideas and Inspiration
text on pic,40,Photography and Image Editing
org chart meme,60,Design and Graphics
instagram bio design,60,Social Media and Digital Platforms
letras entrelazadas gratis,20,Design and Graphics
architecture photography ideas,20,Photography and Image Editing
picmonkey tips,0,Photography and Image Editing
fabiola millican,20,Ideas and Inspiration
how to make an event,30,Ideas and Inspiration
fitness inspirational pics,20,Ideas and Inspiration
picmonkey app iphone,20,Photography and Image Editing
monkey gif wallpaper,600,Photography and Image Editing
halloween phone,100,Ideas and Inspiration
social media ads design,100,Social Media and Digital Platforms
brand identity tips,40,Design and Graphics
t-mobile tagline,20,Ideas and Inspiration
flyer information,30,Design and Graphics
blemish remover photo,60,Photography and Image Editing
picmonkey remove background,20,Photography and Image Editing
how to make a prezi powerpoint,0,Design and Graphics
st patrick's day pics free,0,Ideas and Inspiration
fathers day card ideas diy,40,Ideas and Inspiration
clincher ideas,200,Ideas and Inspiration
como hacer un boceto,20,Design and Graphics
evil color schemes,30,Design and Graphics
remove yellow tint from photo online,30,Photography and Image Editing
picmonkey con,100,Photography and Image Editing
picmonkey free trial,10,Photography and Image Editing
pic of iceland,50,Photography and Image Editing
pxmoneyy,60,Photography and Image Editing
day of the dead image,90,Photography and Image Editing
how to photograph a meteor shower,70,Photography and Image Editing
holiday gratitude quotes,30,Ideas and Inspiration
travel graphics,70,Ideas and Inspiration
supreme cat,150,Photography and Image Editing
create social media assets,20,Design and Graphics
agregar texto a una imagen,20,Photography and Image Editing
online social media calendar,20,Social Media and Digital Platforms
photo editing tool online,20,Photography and Image Editing
graphic design trends 2019,20,Design and Graphics
smug shot,20,Photography and Image Editing
small business marketing resources,50,Ideas and Inspiration
efecto espejo fotos,20,Photography and Image Editing
suit color combinations generator,30,Design and Graphics
edicion fotografica,50,Photography and Image Editing
small business social media success stories,20,
halloween website templates,30,Design and Graphics
diy zoom background,30,Ideas and Inspiration
feelings ecards,0,Ideas and Inspiration
picmonkey comic,40,Photography and Image Editing
picmonkey app ipad,10,Photography and Image Editing
pictures of pennywise face,100,Photography and Image Editing
picmonkey comic,40,Photography and Image Editing
monkey moon camera settings,100,Photography and Image Editing
graphic design trends 2021,20,Design and Graphics
bokeh effects online,20,Photography and Image Editing
monkey pumpkin stencil,20,Design and Graphics
how to increase boomerang time on instagram,20,Social Media and Digital Platforms
images with words on them,20,Ideas and Inspiration
picmonkey youtube thumbnail size,0,Social Media and Digital Platforms
how to add effects to text,600,Design and Graphics
picmonkey comic,40,Photography and Image Editing
picmonkey tips,0,Photography and Image Editing
picmonkey comic,40,Photography and Image Editing
cute overlays,200,Photography and Image Editing
valentine day jewelry ads,0,Ideas and Inspiration
lush pictures,20,Photography and Image Editing
julie gordon white,20,Ideas and Inspiration
copy and paste monkey,30,Ideas and Inspiration
shero examples,10,Ideas and Inspiration
how to add slide in prezi,20,
picmonkey remove background,20,Photography and Image Editing
lighting effects for pictures,70,Photography and Image Editing
make a list of,40,Ideas and Inspiration
pet pic,30,Photography and Image Editing
how to scroll on pinterest,20,
picmonkey tips,0,Photography and Image Editing
picmonkey photo edit,20,Photography and Image Editing
pink monkei editor,70,Photography and Image Editing
picmonkey comic,40,Photography and Image Editing
how to copy youtube thumbnail,50,Social Media and Digital Platforms
pic of light,20,Photography and Image Editing
personal branding on social media,50,Social Media and Digital Platforms
typography trends,70,Design and Graphics
monogram examples generator,40,Design and Graphics
get smart school supplies,10,Ideas and Inspiration
how to make a menu,1000,Design and Graphics
picmonkey comic,40,Photography and Image Editing
www picmonkey collage,50,
double color exposure,40,Photography and Image Editing
trends from the past,10,
picmonkey logo,20,Photography and Image Editing
picmonkey comic,40,Photography and Image Editing
www picmonkey collage,50,
photo editing tricks,30,
color block photo editor,20,Photography and Image Editing
love notes for valentine's day,60,Ideas and Inspiration
twitter post sizes,70,Social Media and Digital Platforms
photo shoot for kids,40,Photography and Image Editing
picmonkey photo size,0,Photography and Image Editing
lip art,1800,Photography and Image Editing
diseños de mascaras,20,Design and Graphics
eharmony blurry photos,20,Photography and Image Editing
booed images,30,Photography and Image Editing
how to make a good checklist,30,Ideas and Inspiration
picmonkey coupon,30,
printable garage sale sign,20,Design and Graphics
